[
    {
        "model": "campoclinico.university",
        "pk": 1,
        "fields": {
            "university_name": "Universidad de Chile",
            "university_rut": "70.123.456-7",
            "campus_name": "Campus Norte",
            "campus_address": "Av. Independencia 1234"
        }
    },
    {
        "model": "campoclinico.university",
        "pk": 2,
        "fields": {
            "university_name": "Pontificia Universidad Cat\u00f3lica de Chile",
            "university_rut": "71.123.456-8",
            "campus_name": "Campus Oriente",
            "campus_address": "Av. Providencia 5678"
        }
    },
    {
        "model": "campoclinico.career",
        "pk": 1,
        "fields": {
            "university": 1,
            "career_name": "Enfermer\u00eda",
            "career_secretary_name": "Mar\u00eda L\u00f3pez",
            "duration_years": 5
        }
    },
    {
        "model": "campoclinico.career",
        "pk": 2,
        "fields": {
            "university": 1,
            "career_name": "Medicina",
            "career_secretary_name": "Carlos D\u00edaz",
            "duration_years": 7
        }
    },
    {
        "model": "campoclinico.career",
        "pk": 3,
        "fields": {
            "university": 1,
            "career_name": "Odontolog\u00eda",
            "career_secretary_name": "Laura Castillo",
            "duration_years": 6
        }
    },
    {
        "model": "campoclinico.career",
        "pk": 4,
        "fields": {
            "university": 2,
            "career_name": "Ingenier\u00eda Civil",
            "career_secretary_name": "Jos\u00e9 Mart\u00ednez",
            "duration_years": 6
        }
    },
    {
        "model": "campoclinico.career",
        "pk": 5,
        "fields": {
            "university": 2,
            "career_name": "Arquitectura",
            "career_secretary_name": "Ana G\u00f3mez",
            "duration_years": 5
        }
    },
    {
        "model": "campoclinico.career",
        "pk": 6,
        "fields": {
            "university": 2,
            "career_name": "Psicolog\u00eda",
            "career_secretary_name": "Claudia R\u00edos",
            "duration_years": 5
        }
    },
    {
        "model": "campoclinico.semester",
        "pk": 1,
        "fields": {
            "semester_number": 2,
            "career": 1,
            "career_year": 2,
            "academic_year": 2024
        }
    },
    {
        "model": "campoclinico.semester",
        "pk": 2,
        "fields": {
            "semester_number": 1,
            "career": 1,
            "career_year": 1,
            "academic_year": 2024
        }
    },
    {
        "model": "campoclinico.semester",
        "pk": 3,
        "fields": {
            "semester_number": 2,
            "career": 2,
            "career_year": 2,
            "academic_year": 2024
        }
    },
    {
        "model": "campoclinico.semester",
        "pk": 4,
        "fields": {
            "semester_number": 1,
            "career": 2,
            "career_year": 1,
            "academic_year": 2024
        }
    },
    {
        "model": "campoclinico.semester",
        "pk": 5,
        "fields": {
            "semester_number": 2,
            "career": 3,
            "career_year": 2,
            "academic_year": 2024
        }
    },
    {
        "model": "campoclinico.semester",
        "pk": 6,
        "fields": {
            "semester_number": 1,
            "career": 3,
            "career_year": 1,
            "academic_year": 2024
        }
    },
    {
        "model": "campoclinico.semester",
        "pk": 7,
        "fields": {
            "semester_number": 2,
            "career": 4,
            "career_year": 2,
            "academic_year": 2024
        }
    },
    {
        "model": "campoclinico.semester",
        "pk": 8,
        "fields": {
            "semester_number": 1,
            "career": 4,
            "career_year": 1,
            "academic_year": 2024
        }
    },
    {
        "model": "campoclinico.semester",
        "pk": 9,
        "fields": {
            "semester_number": 2,
            "career": 5,
            "career_year": 2,
            "academic_year": 2024
        }
    },
    {
        "model": "campoclinico.semester",
        "pk": 10,
        "fields": {
            "semester_number": 1,
            "career": 5,
            "career_year": 1,
            "academic_year": 2024
        }
    },
    {
        "model": "campoclinico.semester",
        "pk": 11,
        "fields": {
            "semester_number": 2,
            "career": 6,
            "career_year": 2,
            "academic_year": 2024
        }
    },
    {
        "model": "campoclinico.semester",
        "pk": 12,
        "fields": {
            "semester_number": 1,
            "career": 6,
            "career_year": 1,
            "academic_year": 2024
        }
    },
    {
        "model": "campoclinico.student",
        "pk": 1,
        "fields": {
            "name": "Student1",
            "last_name": "LastName1",
            "second_last_name": "SecondLastName1",
            "rut": "10000001-1",
            "phone": "912345601",
            "email": "student1@example.com",
            "emergency_name": "Emergency Contact 1",
            "emergency_number": "987654301",
            "student_address": "Address 1",
            "observation": "No observations",
            "semester": 2,
            "career": 2
        }
    },
    {
        "model": "campoclinico.student",
        "pk": 2,
        "fields": {
            "name": "Student2",
            "last_name": "LastName2",
            "second_last_name": "SecondLastName2",
            "rut": "10000002-2",
            "phone": "912345602",
            "email": "student2@example.com",
            "emergency_name": "Emergency Contact 2",
            "emergency_number": "987654302",
            "student_address": "Address 2",
            "observation": "No observations",
            "semester": 3,
            "career": 3
        }
    },
    {
        "model": "campoclinico.student",
        "pk": 3,
        "fields": {
            "name": "Student3",
            "last_name": "LastName3",
            "second_last_name": "SecondLastName3",
            "rut": "10000003-3",
            "phone": "912345603",
            "email": "student3@example.com",
            "emergency_name": "Emergency Contact 3",
            "emergency_number": "987654303",
            "student_address": "Address 3",
            "observation": "No observations",
            "semester": 4,
            "career": 4
        }
    },
    {
        "model": "campoclinico.student",
        "pk": 4,
        "fields": {
            "name": "Student4",
            "last_name": "LastName4",
            "second_last_name": "SecondLastName4",
            "rut": "10000004-4",
            "phone": "912345604",
            "email": "student4@example.com",
            "emergency_name": "Emergency Contact 4",
            "emergency_number": "987654304",
            "student_address": "Address 4",
            "observation": "No observations",
            "semester": 5,
            "career": 5
        }
    },
    {
        "model": "campoclinico.student",
        "pk": 5,
        "fields": {
            "name": "Student5",
            "last_name": "LastName5",
            "second_last_name": "SecondLastName5",
            "rut": "10000005-5",
            "phone": "912345605",
            "email": "student5@example.com",
            "emergency_name": "Emergency Contact 5",
            "emergency_number": "987654305",
            "student_address": "Address 5",
            "observation": "No observations",
            "semester": 6,
            "career": 6
        }
    },
    {
        "model": "campoclinico.student",
        "pk": 6,
        "fields": {
            "name": "Student6",
            "last_name": "LastName6",
            "second_last_name": "SecondLastName6",
            "rut": "10000006-6",
            "phone": "912345606",
            "email": "student6@example.com",
            "emergency_name": "Emergency Contact 6",
            "emergency_number": "987654306",
            "student_address": "Address 6",
            "observation": "No observations",
            "semester": 7,
            "career": 1
        }
    },
    {
        "model": "campoclinico.student",
        "pk": 7,
        "fields": {
            "name": "Student7",
            "last_name": "LastName7",
            "second_last_name": "SecondLastName7",
            "rut": "10000007-7",
            "phone": "912345607",
            "email": "student7@example.com",
            "emergency_name": "Emergency Contact 7",
            "emergency_number": "987654307",
            "student_address": "Address 7",
            "observation": "No observations",
            "semester": 8,
            "career": 2
        }
    },
    {
        "model": "campoclinico.student",
        "pk": 8,
        "fields": {
            "name": "Student8",
            "last_name": "LastName8",
            "second_last_name": "SecondLastName8",
            "rut": "10000008-8",
            "phone": "912345608",
            "email": "student8@example.com",
            "emergency_name": "Emergency Contact 8",
            "emergency_number": "987654308",
            "student_address": "Address 8",
            "observation": "No observations",
            "semester": 9,
            "career": 3
        }
    },
    {
        "model": "campoclinico.student",
        "pk": 9,
        "fields": {
            "name": "Student9",
            "last_name": "LastName9",
            "second_last_name": "SecondLastName9",
            "rut": "10000009-9",
            "phone": "912345609",
            "email": "student9@example.com",
            "emergency_name": "Emergency Contact 9",
            "emergency_number": "987654309",
            "student_address": "Address 9",
            "observation": "No observations",
            "semester": 10,
            "career": 4
        }
    },
    {
        "model": "campoclinico.student",
        "pk": 10,
        "fields": {
            "name": "Student10",
            "last_name": "LastName10",
            "second_last_name": "SecondLastName10",
            "rut": "10000010-0",
            "phone": "912345610",
            "email": "student10@example.com",
            "emergency_name": "Emergency Contact 10",
            "emergency_number": "987654310",
            "student_address": "Address 10",
            "observation": "No observations",
            "semester": 11,
            "career": 5
        }
    },
    {
        "model": "campoclinico.student",
        "pk": 11,
        "fields": {
            "name": "Student11",
            "last_name": "LastName11",
            "second_last_name": "SecondLastName11",
            "rut": "10000011-1",
            "phone": "912345611",
            "email": "student11@example.com",
            "emergency_name": "Emergency Contact 11",
            "emergency_number": "987654311",
            "student_address": "Address 11",
            "observation": "No observations",
            "semester": 12,
            "career": 6
        }
    },
    {
        "model": "campoclinico.student",
        "pk": 12,
        "fields": {
            "name": "Student12",
            "last_name": "LastName12",
            "second_last_name": "SecondLastName12",
            "rut": "10000012-2",
            "phone": "912345612",
            "email": "student12@example.com",
            "emergency_name": "Emergency Contact 12",
            "emergency_number": "987654312",
            "student_address": "Address 12",
            "observation": "No observations",
            "semester": 1,
            "career": 1
        }
    },
    {
        "model": "campoclinico.student",
        "pk": 13,
        "fields": {
            "name": "Student13",
            "last_name": "LastName13",
            "second_last_name": "SecondLastName13",
            "rut": "10000013-3",
            "phone": "912345613",
            "email": "student13@example.com",
            "emergency_name": "Emergency Contact 13",
            "emergency_number": "987654313",
            "student_address": "Address 13",
            "observation": "No observations",
            "semester": 2,
            "career": 2
        }
    },
    {
        "model": "campoclinico.student",
        "pk": 14,
        "fields": {
            "name": "Student14",
            "last_name": "LastName14",
            "second_last_name": "SecondLastName14",
            "rut": "10000014-4",
            "phone": "912345614",
            "email": "student14@example.com",
            "emergency_name": "Emergency Contact 14",
            "emergency_number": "987654314",
            "student_address": "Address 14",
            "observation": "No observations",
            "semester": 3,
            "career": 3
        }
    },
    {
        "model": "campoclinico.student",
        "pk": 15,
        "fields": {
            "name": "Student15",
            "last_name": "LastName15",
            "second_last_name": "SecondLastName15",
            "rut": "10000015-5",
            "phone": "912345615",
            "email": "student15@example.com",
            "emergency_name": "Emergency Contact 15",
            "emergency_number": "987654315",
            "student_address": "Address 15",
            "observation": "No observations",
            "semester": 4,
            "career": 4
        }
    },
    {
        "model": "campoclinico.student",
        "pk": 16,
        "fields": {
            "name": "Student16",
            "last_name": "LastName16",
            "second_last_name": "SecondLastName16",
            "rut": "10000016-6",
            "phone": "912345616",
            "email": "student16@example.com",
            "emergency_name": "Emergency Contact 16",
            "emergency_number": "987654316",
            "student_address": "Address 16",
            "observation": "No observations",
            "semester": 5,
            "career": 5
        }
    },
    {
        "model": "campoclinico.student",
        "pk": 17,
        "fields": {
            "name": "Student17",
            "last_name": "LastName17",
            "second_last_name": "SecondLastName17",
            "rut": "10000017-7",
            "phone": "912345617",
            "email": "student17@example.com",
            "emergency_name": "Emergency Contact 17",
            "emergency_number": "987654317",
            "student_address": "Address 17",
            "observation": "No observations",
            "semester": 6,
            "career": 6
        }
    },
    {
        "model": "campoclinico.student",
        "pk": 18,
        "fields": {
            "name": "Student18",
            "last_name": "LastName18",
            "second_last_name": "SecondLastName18",
            "rut": "10000018-8",
            "phone": "912345618",
            "email": "student18@example.com",
            "emergency_name": "Emergency Contact 18",
            "emergency_number": "987654318",
            "student_address": "Address 18",
            "observation": "No observations",
            "semester": 7,
            "career": 1
        }
    },
    {
        "model": "campoclinico.student",
        "pk": 19,
        "fields": {
            "name": "Student19",
            "last_name": "LastName19",
            "second_last_name": "SecondLastName19",
            "rut": "10000019-9",
            "phone": "912345619",
            "email": "student19@example.com",
            "emergency_name": "Emergency Contact 19",
            "emergency_number": "987654319",
            "student_address": "Address 19",
            "observation": "No observations",
            "semester": 8,
            "career": 2
        }
    },
    {
        "model": "campoclinico.student",
        "pk": 20,
        "fields": {
            "name": "Student20",
            "last_name": "LastName20",
            "second_last_name": "SecondLastName20",
            "rut": "10000020-0",
            "phone": "912345620",
            "email": "student20@example.com",
            "emergency_name": "Emergency Contact 20",
            "emergency_number": "987654320",
            "student_address": "Address 20",
            "observation": "No observations",
            "semester": 9,
            "career": 3
        }
    },
    {
        "model": "campoclinico.student",
        "pk": 21,
        "fields": {
            "name": "Student21",
            "last_name": "LastName21",
            "second_last_name": "SecondLastName21",
            "rut": "10000021-1",
            "phone": "912345621",
            "email": "student21@example.com",
            "emergency_name": "Emergency Contact 21",
            "emergency_number": "987654321",
            "student_address": "Address 21",
            "observation": "No observations",
            "semester": 10,
            "career": 4
        }
    },
    {
        "model": "campoclinico.student",
        "pk": 22,
        "fields": {
            "name": "Student22",
            "last_name": "LastName22",
            "second_last_name": "SecondLastName22",
            "rut": "10000022-2",
            "phone": "912345622",
            "email": "student22@example.com",
            "emergency_name": "Emergency Contact 22",
            "emergency_number": "987654322",
            "student_address": "Address 22",
            "observation": "No observations",
            "semester": 11,
            "career": 5
        }
    },
    {
        "model": "campoclinico.student",
        "pk": 23,
        "fields": {
            "name": "Student23",
            "last_name": "LastName23",
            "second_last_name": "SecondLastName23",
            "rut": "10000023-3",
            "phone": "912345623",
            "email": "student23@example.com",
            "emergency_name": "Emergency Contact 23",
            "emergency_number": "987654323",
            "student_address": "Address 23",
            "observation": "No observations",
            "semester": 12,
            "career": 6
        }
    },
    {
        "model": "campoclinico.student",
        "pk": 24,
        "fields": {
            "name": "Student24",
            "last_name": "LastName24",
            "second_last_name": "SecondLastName24",
            "rut": "10000024-4",
            "phone": "912345624",
            "email": "student24@example.com",
            "emergency_name": "Emergency Contact 24",
            "emergency_number": "987654324",
            "student_address": "Address 24",
            "observation": "No observations",
            "semester": 1,
            "career": 1
        }
    },
    {
        "model": "campoclinico.student",
        "pk": 25,
        "fields": {
            "name": "Student25",
            "last_name": "LastName25",
            "second_last_name": "SecondLastName25",
            "rut": "10000025-5",
            "phone": "912345625",
            "email": "student25@example.com",
            "emergency_name": "Emergency Contact 25",
            "emergency_number": "987654325",
            "student_address": "Address 25",
            "observation": "No observations",
            "semester": 2,
            "career": 2
        }
    },
    {
        "model": "campoclinico.student",
        "pk": 26,
        "fields": {
            "name": "Student26",
            "last_name": "LastName26",
            "second_last_name": "SecondLastName26",
            "rut": "10000026-6",
            "phone": "912345626",
            "email": "student26@example.com",
            "emergency_name": "Emergency Contact 26",
            "emergency_number": "987654326",
            "student_address": "Address 26",
            "observation": "No observations",
            "semester": 3,
            "career": 3
        }
    },
    {
        "model": "campoclinico.student",
        "pk": 27,
        "fields": {
            "name": "Student27",
            "last_name": "LastName27",
            "second_last_name": "SecondLastName27",
            "rut": "10000027-7",
            "phone": "912345627",
            "email": "student27@example.com",
            "emergency_name": "Emergency Contact 27",
            "emergency_number": "987654327",
            "student_address": "Address 27",
            "observation": "No observations",
            "semester": 4,
            "career": 4
        }
    },
    {
        "model": "campoclinico.student",
        "pk": 28,
        "fields": {
            "name": "Student28",
            "last_name": "LastName28",
            "second_last_name": "SecondLastName28",
            "rut": "10000028-8",
            "phone": "912345628",
            "email": "student28@example.com",
            "emergency_name": "Emergency Contact 28",
            "emergency_number": "987654328",
            "student_address": "Address 28",
            "observation": "No observations",
            "semester": 5,
            "career": 5
        }
    },
    {
        "model": "campoclinico.student",
        "pk": 29,
        "fields": {
            "name": "Student29",
            "last_name": "LastName29",
            "second_last_name": "SecondLastName29",
            "rut": "10000029-9",
            "phone": "912345629",
            "email": "student29@example.com",
            "emergency_name": "Emergency Contact 29",
            "emergency_number": "987654329",
            "student_address": "Address 29",
            "observation": "No observations",
            "semester": 6,
            "career": 6
        }
    },
    {
        "model": "campoclinico.student",
        "pk": 30,
        "fields": {
            "name": "Student30",
            "last_name": "LastName30",
            "second_last_name": "SecondLastName30",
            "rut": "10000030-0",
            "phone": "912345630",
            "email": "student30@example.com",
            "emergency_name": "Emergency Contact 30",
            "emergency_number": "987654330",
            "student_address": "Address 30",
            "observation": "No observations",
            "semester": 7,
            "career": 1
        }
    },
    {
        "model": "campoclinico.clinic_field_intitution",
        "pk": 1,
        "fields": {
            "intitution_name": "Hospital Cl\u00ednico",
            "institution_branch_name": "Central",
            "clinic_field_code": "HC-001",
            "clinic_field_address": "Av. Principal 456",
            "clinic_field_rut": "99.123.456-7",
            "clinic_field_razon_social": "Hospital Cl\u00ednico S.A.",
            "is_clinic_field_agreement_active": true
        }
    },
    {
        "model": "campoclinico.clinic_field_intitution",
        "pk": 2,
        "fields": {
            "intitution_name": "Cl\u00ednica Santa Mar\u00eda",
            "institution_branch_name": "Sucursal Providencia",
            "clinic_field_code": "CSM-002",
            "clinic_field_address": "Av. Providencia 1234",
            "clinic_field_rut": "99.987.654-3",
            "clinic_field_razon_social": "Cl\u00ednica Santa Mar\u00eda Ltda.",
            "is_clinic_field_agreement_active": false
        }
    },
    {
        "model": "campoclinico.clinic_field_intitution",
        "pk": 3,
        "fields": {
            "intitution_name": "Hospital del Trabajador",
            "institution_branch_name": "Sucursal Santiago",
            "clinic_field_code": "HT-003",
            "clinic_field_address": "Av. Vicu\u00f1a Mackenna 789",
            "clinic_field_rut": "89.123.987-4",
            "clinic_field_razon_social": "Hospital del Trabajador",
            "is_clinic_field_agreement_active": true
        }
    },
    {
        "model": "campoclinico.clinic_field_unity",
        "pk": 1,
        "fields": {
            "clinic_field_unity_name": "Unity 1",
            "clinic_field_intitution": 1
        }
    },
    {
        "model": "campoclinico.clinic_field_unity",
        "pk": 2,
        "fields": {
            "clinic_field_unity_name": "Unity 2",
            "clinic_field_intitution": 1
        }
    },
    {
        "model": "campoclinico.clinic_field_unity",
        "pk": 3,
        "fields": {
            "clinic_field_unity_name": "Unity 3",
            "clinic_field_intitution": 1
        }
    },
    {
        "model": "campoclinico.clinic_field_unity",
        "pk": 4,
        "fields": {
            "clinic_field_unity_name": "Unity 4",
            "clinic_field_intitution": 2
        }
    },
    {
        "model": "campoclinico.clinic_field_unity",
        "pk": 5,
        "fields": {
            "clinic_field_unity_name": "Unity 5",
            "clinic_field_intitution": 2
        }
    },
    {
        "model": "campoclinico.clinic_field_unity",
        "pk": 6,
        "fields": {
            "clinic_field_unity_name": "Unity 6",
            "clinic_field_intitution": 2
        }
    },
    {
        "model": "campoclinico.clinic_field_unity",
        "pk": 7,
        "fields": {
            "clinic_field_unity_name": "Unity 7",
            "clinic_field_intitution": 3
        }
    },
    {
        "model": "campoclinico.clinic_field_unity",
        "pk": 8,
        "fields": {
            "clinic_field_unity_name": "Unity 8",
            "clinic_field_intitution": 3
        }
    },
    {
        "model": "campoclinico.clinic_field_unity",
        "pk": 9,
        "fields": {
            "clinic_field_unity_name": "Unity 9",
            "clinic_field_intitution": 3
        }
    },
    {
        "model": "campoclinico.clinic_field_places",
        "pk": 1,
        "fields": {
            "clinic_field_unity": 1,
            "subject": 2,
            "student": 2,
            "teacher_name": "Teacher 1",
            "start_time": "08:00:00",
            "end_time": "12:00:00",
            "date": "2024-11-11",
            "is_student_attended": false,
            "is_place_available": true,
            "observation": "Observation text"
        }
    },
    {
        "model": "campoclinico.clinic_field_places",
        "pk": 2,
        "fields": {
            "clinic_field_unity": 2,
            "subject": 1,
            "student": 3,
            "teacher_name": "Teacher 2",
            "start_time": "08:00:00",
            "end_time": "12:00:00",
            "date": "2024-11-12",
            "is_student_attended": true,
            "is_place_available": false,
            "observation": "Observation text"
        }
    },
    {
        "model": "campoclinico.clinic_field_places",
        "pk": 3,
        "fields": {
            "clinic_field_unity": 3,
            "subject": 2,
            "student": 4,
            "teacher_name": "Teacher 3",
            "start_time": "08:00:00",
            "end_time": "12:00:00",
            "date": "2024-11-13",
            "is_student_attended": false,
            "is_place_available": true,
            "observation": "Observation text"
        }
    },
    {
        "model": "campoclinico.clinic_field_places",
        "pk": 4,
        "fields": {
            "clinic_field_unity": 4,
            "subject": 1,
            "student": 5,
            "teacher_name": "Teacher 4",
            "start_time": "08:00:00",
            "end_time": "12:00:00",
            "date": "2024-11-14",
            "is_student_attended": true,
            "is_place_available": false,
            "observation": "Observation text"
        }
    },
    {
        "model": "campoclinico.clinic_field_places",
        "pk": 5,
        "fields": {
            "clinic_field_unity": 5,
            "subject": 2,
            "student": 6,
            "teacher_name": "Teacher 5",
            "start_time": "08:00:00",
            "end_time": "12:00:00",
            "date": "2024-11-15",
            "is_student_attended": false,
            "is_place_available": true,
            "observation": "Observation text"
        }
    },
    {
        "model": "campoclinico.clinic_field_places",
        "pk": 6,
        "fields": {
            "clinic_field_unity": 6,
            "subject": 1,
            "student": 7,
            "teacher_name": "Teacher 6",
            "start_time": "08:00:00",
            "end_time": "12:00:00",
            "date": "2024-11-16",
            "is_student_attended": true,
            "is_place_available": false,
            "observation": "Observation text"
        }
    },
    {
        "model": "campoclinico.clinic_field_places",
        "pk": 7,
        "fields": {
            "clinic_field_unity": 7,
            "subject": 2,
            "student": 8,
            "teacher_name": "Teacher 7",
            "start_time": "08:00:00",
            "end_time": "12:00:00",
            "date": "2024-11-17",
            "is_student_attended": false,
            "is_place_available": true,
            "observation": "Observation text"
        }
    },
    {
        "model": "campoclinico.clinic_field_places",
        "pk": 8,
        "fields": {
            "clinic_field_unity": 8,
            "subject": 1,
            "student": 9,
            "teacher_name": "Teacher 8",
            "start_time": "08:00:00",
            "end_time": "12:00:00",
            "date": "2024-11-18",
            "is_student_attended": true,
            "is_place_available": false,
            "observation": "Observation text"
        }
    },
    {
        "model": "campoclinico.clinic_field_places",
        "pk": 9,
        "fields": {
            "clinic_field_unity": 9,
            "subject": 2,
            "student": 10,
            "teacher_name": "Teacher 9",
            "start_time": "08:00:00",
            "end_time": "12:00:00",
            "date": "2024-11-19",
            "is_student_attended": false,
            "is_place_available": true,
            "observation": "Observation text"
        }
    },
    {
        "model": "campoclinico.clinic_field_places",
        "pk": 10,
        "fields": {
            "clinic_field_unity": 1,
            "subject": 1,
            "student": 11,
            "teacher_name": "Teacher 10",
            "start_time": "08:00:00",
            "end_time": "12:00:00",
            "date": "2024-11-20",
            "is_student_attended": true,
            "is_place_available": false,
            "observation": "Observation text"
        }
    },
    {
        "model": "campoclinico.clinic_field_places",
        "pk": 11,
        "fields": {
            "clinic_field_unity": 2,
            "subject": 2,
            "student": 12,
            "teacher_name": "Teacher 11",
            "start_time": "08:00:00",
            "end_time": "12:00:00",
            "date": "2024-11-21",
            "is_student_attended": false,
            "is_place_available": true,
            "observation": "Observation text"
        }
    },
    {
        "model": "campoclinico.clinic_field_places",
        "pk": 12,
        "fields": {
            "clinic_field_unity": 3,
            "subject": 1,
            "student": 13,
            "teacher_name": "Teacher 12",
            "start_time": "08:00:00",
            "end_time": "12:00:00",
            "date": "2024-11-22",
            "is_student_attended": true,
            "is_place_available": false,
            "observation": "Observation text"
        }
    },
    {
        "model": "campoclinico.clinic_field_places",
        "pk": 13,
        "fields": {
            "clinic_field_unity": 4,
            "subject": 2,
            "student": 14,
            "teacher_name": "Teacher 13",
            "start_time": "08:00:00",
            "end_time": "12:00:00",
            "date": "2024-11-23",
            "is_student_attended": false,
            "is_place_available": true,
            "observation": "Observation text"
        }
    },
    {
        "model": "campoclinico.clinic_field_places",
        "pk": 14,
        "fields": {
            "clinic_field_unity": 5,
            "subject": 1,
            "student": 15,
            "teacher_name": "Teacher 14",
            "start_time": "08:00:00",
            "end_time": "12:00:00",
            "date": "2024-11-24",
            "is_student_attended": true,
            "is_place_available": false,
            "observation": "Observation text"
        }
    },
    {
        "model": "campoclinico.clinic_field_places",
        "pk": 15,
        "fields": {
            "clinic_field_unity": 6,
            "subject": 2,
            "student": 16,
            "teacher_name": "Teacher 15",
            "start_time": "08:00:00",
            "end_time": "12:00:00",
            "date": "2024-11-25",
            "is_student_attended": false,
            "is_place_available": true,
            "observation": "Observation text"
        }
    },
    {
        "model": "campoclinico.clinic_field_places",
        "pk": 16,
        "fields": {
            "clinic_field_unity": 7,
            "subject": 1,
            "student": 17,
            "teacher_name": "Teacher 16",
            "start_time": "08:00:00",
            "end_time": "12:00:00",
            "date": "2024-11-26",
            "is_student_attended": true,
            "is_place_available": false,
            "observation": "Observation text"
        }
    },
    {
        "model": "campoclinico.clinic_field_places",
        "pk": 17,
        "fields": {
            "clinic_field_unity": 8,
            "subject": 2,
            "student": 18,
            "teacher_name": "Teacher 17",
            "start_time": "08:00:00",
            "end_time": "12:00:00",
            "date": "2024-11-27",
            "is_student_attended": false,
            "is_place_available": true,
            "observation": "Observation text"
        }
    },
    {
        "model": "campoclinico.clinic_field_places",
        "pk": 18,
        "fields": {
            "clinic_field_unity": 9,
            "subject": 1,
            "student": 19,
            "teacher_name": "Teacher 18",
            "start_time": "08:00:00",
            "end_time": "12:00:00",
            "date": "2024-11-28",
            "is_student_attended": true,
            "is_place_available": false,
            "observation": "Observation text"
        }
    },
    {
        "model": "campoclinico.clinic_field_places",
        "pk": 19,
        "fields": {
            "clinic_field_unity": 1,
            "subject": 2,
            "student": 20,
            "teacher_name": "Teacher 19",
            "start_time": "08:00:00",
            "end_time": "12:00:00",
            "date": "2024-11-29",
            "is_student_attended": false,
            "is_place_available": true,
            "observation": "Observation text"
        }
    },
    {
        "model": "campoclinico.clinic_field_places",
        "pk": 20,
        "fields": {
            "clinic_field_unity": 2,
            "subject": 1,
            "student": 21,
            "teacher_name": "Teacher 20",
            "start_time": "08:00:00",
            "end_time": "12:00:00",
            "date": "2024-11-10",
            "is_student_attended": true,
            "is_place_available": false,
            "observation": "Observation text"
        }
    },
    {
        "model": "campoclinico.clinic_field_places",
        "pk": 21,
        "fields": {
            "clinic_field_unity": 3,
            "subject": 2,
            "student": 22,
            "teacher_name": "Teacher 21",
            "start_time": "08:00:00",
            "end_time": "12:00:00",
            "date": "2024-11-11",
            "is_student_attended": false,
            "is_place_available": true,
            "observation": "Observation text"
        }
    },
    {
        "model": "campoclinico.clinic_field_places",
        "pk": 22,
        "fields": {
            "clinic_field_unity": 4,
            "subject": 1,
            "student": 23,
            "teacher_name": "Teacher 22",
            "start_time": "08:00:00",
            "end_time": "12:00:00",
            "date": "2024-11-12",
            "is_student_attended": true,
            "is_place_available": false,
            "observation": "Observation text"
        }
    },
    {
        "model": "campoclinico.clinic_field_places",
        "pk": 23,
        "fields": {
            "clinic_field_unity": 5,
            "subject": 2,
            "student": 24,
            "teacher_name": "Teacher 23",
            "start_time": "08:00:00",
            "end_time": "12:00:00",
            "date": "2024-11-13",
            "is_student_attended": false,
            "is_place_available": true,
            "observation": "Observation text"
        }
    },
    {
        "model": "campoclinico.clinic_field_places",
        "pk": 24,
        "fields": {
            "clinic_field_unity": 6,
            "subject": 1,
            "student": 25,
            "teacher_name": "Teacher 24",
            "start_time": "08:00:00",
            "end_time": "12:00:00",
            "date": "2024-11-14",
            "is_student_attended": true,
            "is_place_available": false,
            "observation": "Observation text"
        }
    },
    {
        "model": "campoclinico.clinic_field_places",
        "pk": 25,
        "fields": {
            "clinic_field_unity": 7,
            "subject": 2,
            "student": 26,
            "teacher_name": "Teacher 25",
            "start_time": "08:00:00",
            "end_time": "12:00:00",
            "date": "2024-11-15",
            "is_student_attended": false,
            "is_place_available": true,
            "observation": "Observation text"
        }
    },
    {
        "model": "campoclinico.clinic_field_places",
        "pk": 26,
        "fields": {
            "clinic_field_unity": 8,
            "subject": 1,
            "student": 27,
            "teacher_name": "Teacher 26",
            "start_time": "08:00:00",
            "end_time": "12:00:00",
            "date": "2024-11-16",
            "is_student_attended": true,
            "is_place_available": false,
            "observation": "Observation text"
        }
    },
    {
        "model": "campoclinico.clinic_field_places",
        "pk": 27,
        "fields": {
            "clinic_field_unity": 9,
            "subject": 2,
            "student": 28,
            "teacher_name": "Teacher 27",
            "start_time": "08:00:00",
            "end_time": "12:00:00",
            "date": "2024-11-17",
            "is_student_attended": false,
            "is_place_available": true,
            "observation": "Observation text"
        }
    },
    {
        "model": "campoclinico.clinic_field_places",
        "pk": 28,
        "fields": {
            "clinic_field_unity": 1,
            "subject": 1,
            "student": 29,
            "teacher_name": "Teacher 28",
            "start_time": "08:00:00",
            "end_time": "12:00:00",
            "date": "2024-11-18",
            "is_student_attended": true,
            "is_place_available": false,
            "observation": "Observation text"
        }
    },
    {
        "model": "campoclinico.clinic_field_places",
        "pk": 29,
        "fields": {
            "clinic_field_unity": 2,
            "subject": 2,
            "student": 30,
            "teacher_name": "Teacher 29",
            "start_time": "08:00:00",
            "end_time": "12:00:00",
            "date": "2024-11-19",
            "is_student_attended": false,
            "is_place_available": true,
            "observation": "Observation text"
        }
    },
    {
        "model": "campoclinico.clinic_field_places",
        "pk": 30,
        "fields": {
            "clinic_field_unity": 3,
            "subject": 1,
            "student": 1,
            "teacher_name": "Teacher 30",
            "start_time": "08:00:00",
            "end_time": "12:00:00",
            "date": "2024-11-20",
            "is_student_attended": true,
            "is_place_available": false,
            "observation": "Observation text"
        }
    },
    {
        "model": "campoclinico.clinic_field_places",
        "pk": 31,
        "fields": {
            "clinic_field_unity": 4,
            "subject": 2,
            "student": 2,
            "teacher_name": "Teacher 31",
            "start_time": "08:00:00",
            "end_time": "12:00:00",
            "date": "2024-11-21",
            "is_student_attended": false,
            "is_place_available": true,
            "observation": "Observation text"
        }
    },
    {
        "model": "campoclinico.clinic_field_places",
        "pk": 32,
        "fields": {
            "clinic_field_unity": 5,
            "subject": 1,
            "student": 3,
            "teacher_name": "Teacher 32",
            "start_time": "08:00:00",
            "end_time": "12:00:00",
            "date": "2024-11-22",
            "is_student_attended": true,
            "is_place_available": false,
            "observation": "Observation text"
        }
    },
    {
        "model": "campoclinico.clinic_field_places",
        "pk": 33,
        "fields": {
            "clinic_field_unity": 6,
            "subject": 2,
            "student": 4,
            "teacher_name": "Teacher 33",
            "start_time": "08:00:00",
            "end_time": "12:00:00",
            "date": "2024-11-23",
            "is_student_attended": false,
            "is_place_available": true,
            "observation": "Observation text"
        }
    },
    {
        "model": "campoclinico.clinic_field_places",
        "pk": 34,
        "fields": {
            "clinic_field_unity": 7,
            "subject": 1,
            "student": 5,
            "teacher_name": "Teacher 34",
            "start_time": "08:00:00",
            "end_time": "12:00:00",
            "date": "2024-11-24",
            "is_student_attended": true,
            "is_place_available": false,
            "observation": "Observation text"
        }
    },
    {
        "model": "campoclinico.clinic_field_places",
        "pk": 35,
        "fields": {
            "clinic_field_unity": 8,
            "subject": 2,
            "student": 6,
            "teacher_name": "Teacher 35",
            "start_time": "08:00:00",
            "end_time": "12:00:00",
            "date": "2024-11-25",
            "is_student_attended": false,
            "is_place_available": true,
            "observation": "Observation text"
        }
    },
    {
        "model": "campoclinico.clinic_field_places",
        "pk": 36,
        "fields": {
            "clinic_field_unity": 9,
            "subject": 1,
            "student": 7,
            "teacher_name": "Teacher 36",
            "start_time": "08:00:00",
            "end_time": "12:00:00",
            "date": "2024-11-26",
            "is_student_attended": true,
            "is_place_available": false,
            "observation": "Observation text"
        }
    },
    {
        "model": "campoclinico.clinic_field_places",
        "pk": 37,
        "fields": {
            "clinic_field_unity": 1,
            "subject": 2,
            "student": 8,
            "teacher_name": "Teacher 37",
            "start_time": "08:00:00",
            "end_time": "12:00:00",
            "date": "2024-11-27",
            "is_student_attended": false,
            "is_place_available": true,
            "observation": "Observation text"
        }
    },
    {
        "model": "campoclinico.clinic_field_places",
        "pk": 38,
        "fields": {
            "clinic_field_unity": 2,
            "subject": 1,
            "student": 9,
            "teacher_name": "Teacher 38",
            "start_time": "08:00:00",
            "end_time": "12:00:00",
            "date": "2024-11-28",
            "is_student_attended": true,
            "is_place_available": false,
            "observation": "Observation text"
        }
    },
    {
        "model": "campoclinico.clinic_field_places",
        "pk": 39,
        "fields": {
            "clinic_field_unity": 3,
            "subject": 2,
            "student": 10,
            "teacher_name": "Teacher 39",
            "start_time": "08:00:00",
            "end_time": "12:00:00",
            "date": "2024-11-29",
            "is_student_attended": false,
            "is_place_available": true,
            "observation": "Observation text"
        }
    },
    {
        "model": "campoclinico.clinic_field_places",
        "pk": 40,
        "fields": {
            "clinic_field_unity": 4,
            "subject": 1,
            "student": 11,
            "teacher_name": "Teacher 40",
            "start_time": "08:00:00",
            "end_time": "12:00:00",
            "date": "2024-11-10",
            "is_student_attended": true,
            "is_place_available": false,
            "observation": "Observation text"
        }
    },
    {
        "model": "campoclinico.clinic_field_places",
        "pk": 41,
        "fields": {
            "clinic_field_unity": 5,
            "subject": 2,
            "student": 12,
            "teacher_name": "Teacher 41",
            "start_time": "08:00:00",
            "end_time": "12:00:00",
            "date": "2024-11-11",
            "is_student_attended": false,
            "is_place_available": true,
            "observation": "Observation text"
        }
    },
    {
        "model": "campoclinico.clinic_field_places",
        "pk": 42,
        "fields": {
            "clinic_field_unity": 6,
            "subject": 1,
            "student": 13,
            "teacher_name": "Teacher 42",
            "start_time": "08:00:00",
            "end_time": "12:00:00",
            "date": "2024-11-12",
            "is_student_attended": true,
            "is_place_available": false,
            "observation": "Observation text"
        }
    },
    {
        "model": "campoclinico.clinic_field_places",
        "pk": 43,
        "fields": {
            "clinic_field_unity": 7,
            "subject": 2,
            "student": 14,
            "teacher_name": "Teacher 43",
            "start_time": "08:00:00",
            "end_time": "12:00:00",
            "date": "2024-11-13",
            "is_student_attended": false,
            "is_place_available": true,
            "observation": "Observation text"
        }
    },
    {
        "model": "campoclinico.clinic_field_places",
        "pk": 44,
        "fields": {
            "clinic_field_unity": 8,
            "subject": 1,
            "student": 15,
            "teacher_name": "Teacher 44",
            "start_time": "08:00:00",
            "end_time": "12:00:00",
            "date": "2024-11-14",
            "is_student_attended": true,
            "is_place_available": false,
            "observation": "Observation text"
        }
    },
    {
        "model": "campoclinico.clinic_field_places",
        "pk": 45,
        "fields": {
            "clinic_field_unity": 9,
            "subject": 2,
            "student": 16,
            "teacher_name": "Teacher 45",
            "start_time": "08:00:00",
            "end_time": "12:00:00",
            "date": "2024-11-15",
            "is_student_attended": false,
            "is_place_available": true,
            "observation": "Observation text"
        }
    },
    {
        "model": "campoclinico.clinic_field_places",
        "pk": 46,
        "fields": {
            "clinic_field_unity": 1,
            "subject": 1,
            "student": 17,
            "teacher_name": "Teacher 46",
            "start_time": "08:00:00",
            "end_time": "12:00:00",
            "date": "2024-11-16",
            "is_student_attended": true,
            "is_place_available": false,
            "observation": "Observation text"
        }
    },
    {
        "model": "campoclinico.clinic_field_places",
        "pk": 47,
        "fields": {
            "clinic_field_unity": 2,
            "subject": 2,
            "student": 18,
            "teacher_name": "Teacher 47",
            "start_time": "08:00:00",
            "end_time": "12:00:00",
            "date": "2024-11-17",
            "is_student_attended": false,
            "is_place_available": true,
            "observation": "Observation text"
        }
    },
    {
        "model": "campoclinico.clinic_field_places",
        "pk": 48,
        "fields": {
            "clinic_field_unity": 3,
            "subject": 1,
            "student": 19,
            "teacher_name": "Teacher 48",
            "start_time": "08:00:00",
            "end_time": "12:00:00",
            "date": "2024-11-18",
            "is_student_attended": true,
            "is_place_available": false,
            "observation": "Observation text"
        }
    },
    {
        "model": "campoclinico.clinic_field_places",
        "pk": 49,
        "fields": {
            "clinic_field_unity": 4,
            "subject": 2,
            "student": 20,
            "teacher_name": "Teacher 49",
            "start_time": "08:00:00",
            "end_time": "12:00:00",
            "date": "2024-11-19",
            "is_student_attended": false,
            "is_place_available": true,
            "observation": "Observation text"
        }
    },
    {
        "model": "campoclinico.clinic_field_places",
        "pk": 50,
        "fields": {
            "clinic_field_unity": 5,
            "subject": 1,
            "student": 21,
            "teacher_name": "Teacher 50",
            "start_time": "08:00:00",
            "end_time": "12:00:00",
            "date": "2024-11-20",
            "is_student_attended": true,
            "is_place_available": false,
            "observation": "Observation text"
        }
    }
]